document_id,pers_entity_id,loc_entity_id,language,gold,n_correct,n_total,frac_correct,modal_wrong_pred,all_wrong,all_right,T1.1_llm_zeroshot_PA+PB_split_v2,T1.1_llm_zeroshot_PAB_deepinfra_Meta-Llama-31-8B-Instruct_at-test,T1.1_llm_zeroshot_PA_deepinfra_Meta-Llama-31-8B-Instruct_at-test,T1.1_llm_zeroshot_PA_deepinfra_Meta-Llama-31-8B-Instruct_at-test_reparsed,T1.1_llm_zeroshot_PA_v2_fixed_prompt,T1.1_llm_zeroshot_PR_deepinfra_Meta-Llama-31-8B-Instruct_at-test,T1.4or5_mask_C1_mask_LR_at_at-test,T1.4or5_mask_C4_mask+e1+e2+temporal_LR_at_at-test,T1.4or5_mask_T1.4_temporal_only_LR_at_at-test,T1.4or5_mask_T1.5_handcrafted_RF_at_at-test,T1_hybrid_RFat_MASKC4isAt_at-test,T1_llm_hybrid_PA-rag3_PB-zeroshot_at-test_v3,T1_llm_rag3_PA_at-test_v3_adjustable,T1_llm_rag3_PR_at-test,T1_llm_rag3_PR_at-test_v2,T1_llm_rag3_wd_temp_PR_at-test_v2,T1_llm_rag3_wd_temp_PR_at-test_v3_adjustable,T1_llm_zeroshot_wd_temp_PR_at-test,T1_llm_zeroshot_wd_temp_PR_at-test_v2,T1_llm_zeroshot_wd_temp_PR_at-test_v3_adjustable
11614109_1886-06-22_5_67_001,11614109_1886-06-22_5_67_001_Q77340,11614109_1886-06-22_5_67_001_Q161062,de,FALSE,6,20,0.3,TRUE,False,False,0,0,1,1,0,0,1,1,0,1,1,0,0,0,0,0,0,0,0,0
11614109_1886-06-22_5_67_001,11614109_1886-06-22_5_67_001_Q8442,11614109_1886-06-22_5_67_001_Q21,de,FALSE,5,20,0.25,PROBABLE,False,False,0,0,0,0,0,0,1,1,0,1,1,0,0,0,0,0,1,0,0,0
27112366_1874-08-25_000_197_0_006,27112366_1874-08-25_000_197_0_006-NIL_rosenstein,27112366_1874-08-25_000_197_0_006_Q64,de,FALSE,7,20,0.35,PROBABLE,False,False,0,0,1,1,0,0,0,1,0,1,1,1,1,0,0,0,0,0,0,0
27112366_1874-08-25_000_197_0_006,27112366_1874-08-25_000_197_0_006-NIL_zwicker,27112366_1874-08-25_000_197_0_006_Q81720,de,FALSE,11,20,0.55,PROBABLE,False,False,1,0,1,1,1,0,1,1,1,1,1,1,1,0,0,0,0,0,0,0
27112366_1874-08-25_000_197_0_006,27112366_1874-08-25_000_197_0_006_Q1612411,27112366_1874-08-25_000_197_0_006_Q81720,de,FALSE,10,20,0.5,PROBABLE,False,False,1,0,1,1,1,0,0,1,0,1,1,1,1,1,0,0,0,0,0,0
27646518_1892-07-05_21_335_005,27646518_1892-07-05_21_335_005-NIL_august_jabu,27646518_1892-07-05_21_335_005-NIL_fran_osischestrae,de,FALSE,3,20,0.15,TRUE,False,False,0,0,1,1,0,0,0,0,0,0,0,0,0,0,0,0,0,1,0,0
27646518_1892-07-05_21_335_005,27646518_1892-07-05_21_335_005-NIL_august_jabu,27646518_1892-07-05_21_335_005_Q64,de,TRUE,14,20,0.7,PROBABLE,False,False,1,1,0,0,1,0,1,1,1,1,1,1,1,1,1,1,1,0,0,0
27646518_1892-07-05_21_335_005,27646518_1892-07-05_21_335_005-NIL_g_a_hendrichs,27646518_1892-07-05_21_335_005_Q64,de,TRUE,5,20,0.25,PROBABLE,False,False,1,1,0,0,1,1,0,0,1,0,0,0,0,0,0,0,0,0,0,0
27646518_1892-07-05_21_335_005,27646518_1892-07-05_21_335_005-NIL_h_kray,27646518_1892-07-05_21_335_005_Q64,de,TRUE,10,20,0.5,FALSE,False,False,1,1,0,0,1,0,0,0,1,0,0,1,1,1,1,0,1,0,0,1
27646518_1892-07-05_21_335_005,27646518_1892-07-05_21_335_005-NIL_simon_besas,27646518_1892-07-05_21_335_005_Q64,de,TRUE,13,20,0.65,PROBABLE,False,False,1,1,0,0,1,1,1,1,1,1,1,1,1,0,0,0,1,0,0,1
9838247_1868-02-19_0_0_001,9838247_1868-02-19_0_0_001_Q57428,9838247_1868-02-19_0_0_001_Q102911,de,FALSE,8,20,0.4,PROBABLE,False,False,1,0,1,1,1,0,1,1,0,1,1,0,0,0,0,0,0,0,0,0
9838247_1868-02-19_0_0_001,9838247_1868-02-19_0_0_001_Q57428,9838247_1868-02-19_0_0_001_Q1142,de,FALSE,2,20,0.1,PROBABLE,False,False,0,0,0,0,0,0,0,1,0,0,0,0,0,0,0,0,0,0,0,1
9838247_1868-02-19_0_0_001,9838247_1868-02-19_0_0_001_Q57428,9838247_1868-02-19_0_0_001_Q164079,de,PROBABLE,6,20,0.3,TRUE,False,False,0,0,0,0,0,1,0,0,0,0,0,0,0,0,1,1,0,1,1,1
9838247_1868-02-19_0_0_001,9838247_1868-02-19_0_0_001_Q57428,9838247_1868-02-19_0_0_001_Q38872,de,FALSE,4,20,0.2,PROBABLE,False,False,1,0,1,1,1,0,0,0,0,0,0,0,0,0,0,0,0,0,0,0
9838247_1868-02-19_0_0_001,9838247_1868-02-19_0_0_001_Q765327,9838247_1868-02-19_0_0_001_Q102911,de,FALSE,5,20,0.25,PROBABLE,False,False,0,0,1,1,0,0,0,1,0,1,1,0,0,0,0,0,0,0,0,0
9838247_1868-02-19_0_0_001,9838247_1868-02-19_0_0_001_Q765327,9838247_1868-02-19_0_0_001_Q40,de,FALSE,5,20,0.25,PROBABLE,False,False,0,0,1,1,0,0,1,0,0,1,1,0,0,0,0,0,0,0,0,0
9838247_1868-02-19_0_0_001,9838247_1868-02-19_0_0_001_Q8442,9838247_1868-02-19_0_0_001_Q1228247,de,FALSE,9,20,0.45,PROBABLE,False,False,1,0,1,1,1,0,1,1,1,1,1,0,0,0,0,0,0,0,0,0
9838247_1868-02-19_0_0_001,9838247_1868-02-19_0_0_001_Q8442,9838247_1868-02-19_0_0_001_Q38872,de,PROBABLE,10,20,0.5,TRUE,False,False,0,0,0,0,0,1,1,1,1,1,1,0,0,1,1,1,1,0,0,0
EXP-1808-09-01-a-i0001,EXP-1808-09-01-a-i0001-NIL_bonvepre,EXP-1808-09-01-a-i0001_Q69807,fr,FALSE,6,20,0.3,TRUE,False,False,1,0,1,1,1,0,0,1,0,0,0,0,0,0,0,1,0,0,0,0
EXP-1808-09-01-a-i0001,EXP-1808-09-01-a-i0001-NIL_jacob,EXP-1808-09-01-a-i0001_Q69807,fr,FALSE,7,20,0.35,TRUE,False,False,0,0,1,1,0,0,1,1,0,1,1,0,0,0,0,0,0,1,0,0
EXP-1868-04-22-a-i0042,EXP-1868-04-22-a-i0042-NIL_jeune_r,EXP-1868-04-22-a-i0042-NIL_moliers,fr,FALSE,3,20,0.15,TRUE,False,False,1,0,0,0,1,0,0,1,0,0,0,0,0,0,0,0,0,0,0,0
EXP-1868-04-22-a-i0042,EXP-1868-04-22-a-i0042-NIL_jeune_r,EXP-1868-04-22-a-i0042_Q68544,fr,FALSE,8,20,0.4,PROBABLE,False,False,1,0,1,1,1,0,1,1,0,1,1,0,0,0,0,0,0,0,0,0
EXP-1868-04-22-a-i0042,EXP-1868-04-22-a-i0042_Q336474,EXP-1868-04-22-a-i0042_Q145,fr,PROBABLE,4,20,0.2,TRUE,False,False,0,0,0,0,0,1,0,0,0,0,0,0,0,0,0,0,0,1,1,1
EXP-1908-01-21-a-i0053,EXP-1908-01-21-a-i0053_Q106618,EXP-1908-01-21-a-i0053_Q27,fr,FALSE,5,20,0.25,PROBABLE,False,False,1,0,0,0,1,0,0,1,0,0,0,1,1,0,0,0,0,0,0,0
EXP-1918-04-22-a-i0077,EXP-1918-04-22-a-i0077-NIL_schoeller,EXP-1918-04-22-a-i0077_Q64461,fr,FALSE,2,20,0.1,PROBABLE,False,False,0,0,0,0,0,0,0,0,0,1,1,0,0,0,0,0,0,0,0,0
EXP-1918-04-22-a-i0077,EXP-1918-04-22-a-i0077_Q2734959,EXP-1918-04-22-a-i0077_Q689055,fr,TRUE,10,20,0.5,PROBABLE,False,False,0,1,1,1,0,1,1,0,1,1,1,1,1,0,0,0,0,0,0,0
EXP-1918-07-10-a-i0071,EXP-1918-07-10-a-i0071-NIL_kuhlmann,EXP-1918-07-10-a-i0071_Q31910791,fr,TRUE,7,20,0.35,PROBABLE,False,False,0,1,1,1,0,1,0,1,1,0,0,0,0,0,0,0,0,0,0,1
EXP-1918-07-10-a-i0071,EXP-1918-07-10-a-i0071_Q61242,EXP-1918-07-10-a-i0071_Q1757,fr,FALSE,6,20,0.3,PROBABLE,False,False,0,0,0,0,0,0,0,1,1,1,1,1,1,0,0,0,0,0,0,0
EXP-1918-11-18-a-i0067,EXP-1918-11-18-a-i0067_Q1603686,EXP-1918-11-18-a-i0067_Q55335900,fr,TRUE,14,20,0.7,FALSE,False,False,0,1,0,0,0,0,1,1,1,1,1,1,1,1,1,1,0,1,1,1
EXP-1928-01-17-a-i0062,EXP-1928-01-17-a-i0062-NIL_aicide_matthey,EXP-1928-01-17-a-i0062_Q2721193,fr,TRUE,15,20,0.75,PROBABLE,False,False,1,1,1,1,1,0,1,1,1,0,0,1,1,1,1,1,1,1,0,0
EXP-1928-01-17-a-i0062,EXP-1928-01-17-a-i0062-NIL_gedeon,EXP-1928-01-17-a-i0062_Q671611,fr,FALSE,8,20,0.4,TRUE,False,False,0,0,0,0,0,0,1,1,0,1,1,1,1,0,0,0,1,1,0,0
EXP-1928-01-17-a-i0062,EXP-1928-01-17-a-i0062-NIL_gedeon,EXP-1928-01-17-a-i0062_Q68532,fr,FALSE,5,20,0.25,PROBABLE,False,False,0,0,0,0,0,0,0,1,0,1,1,1,1,0,0,0,0,0,0,0
EXP-1928-01-17-a-i0062,EXP-1928-01-17-a-i0062-NIL_uranie_montandon,EXP-1928-01-17-a-i0062_Q68532,fr,FALSE,8,20,0.4,PROBABLE,False,False,1,0,0,0,1,0,0,1,0,1,1,1,1,0,0,0,0,1,0,0
EXP-1928-10-25-a-i0006,EXP-1928-10-25-a-i0006-NIL_rabours,EXP-1928-10-25-a-i0006_Q12771,fr,FALSE,5,20,0.25,PROBABLE,False,False,1,0,1,1,1,0,0,0,1,0,0,0,0,0,0,0,0,0,0,0
EXP-1928-10-25-a-i0006,EXP-1928-10-25-a-i0006_Q117253,EXP-1928-10-25-a-i0006_Q70,fr,FALSE,10,20,0.5,PROBABLE,False,False,0,0,1,0,0,0,1,1,1,1,1,1,1,0,0,0,0,1,1,0
EXP-1928-10-25-a-i0006,EXP-1928-10-25-a-i0006_Q9061,EXP-1928-10-25-a-i0006_Q12433,fr,FALSE,10,20,0.5,PROBABLE,False,False,1,0,1,1,1,0,1,1,0,1,1,1,1,0,0,0,0,0,0,0
EXP-1928-10-25-a-i0006,EXP-1928-10-25-a-i0006_Q9061,EXP-1928-10-25-a-i0006_Q25607,fr,FALSE,7,20,0.35,PROBABLE,False,False,0,0,0,0,0,0,1,1,1,1,1,1,1,0,0,0,0,0,0,0
EXP-1978-09-27-a-i0229,EXP-1978-09-27-a-i0229_Q1370340,EXP-1978-09-27-a-i0229_Q24826,fr,TRUE,8,20,0.4,FALSE,False,False,0,1,0,0,0,1,0,1,0,1,1,1,1,0,0,0,0,0,0,1
EXP-1978-09-27-a-i0229,EXP-1978-09-27-a-i0229_Q465956,EXP-1978-09-27-a-i0229_Q24826,fr,TRUE,7,20,0.35,FALSE,False,False,0,1,0,0,0,1,1,1,0,0,0,1,1,0,0,0,0,0,0,1
EXP-1988-02-15-a-i0330,EXP-1988-02-15-a-i0330-NIL_manfred_gsteiger,EXP-1988-02-15-a-i0330_Q46,fr,FALSE,10,20,0.5,TRUE,False,False,1,0,1,1,1,0,0,0,0,1,1,0,0,1,0,1,0,1,1,0
GDL-1804-07-20-13,GDL-1804-07-20-13-NIL_napoleon_bonaparte,GDL-1804-07-20-13-NIL_constantinople,fr,FALSE,4,20,0.2,TRUE,False,False,1,0,1,1,1,0,0,0,0,0,0,0,0,0,0,0,0,0,0,0
GDL-1804-08-28-2,GDL-1804-08-28-2-NIL_ne,GDL-1804-08-28-2-NIL_alger,fr,TRUE,11,20,0.55,PROBABLE,False,False,0,1,0,0,0,1,1,1,0,1,1,1,1,1,1,1,0,0,0,0
GDL-1826-06-30-2,GDL-1826-06-30-2-NIL_ibrahim,GDL-1826-06-30-2-NIL_patras,fr,TRUE,5,20,0.25,PROBABLE,False,False,0,1,0,0,0,0,0,1,1,0,0,1,1,0,0,0,0,0,0,0
GDL-1826-08-22-10,GDL-1826-08-22-10-NIL_m_le_prince_de_metternicli,GDL-1826-08-22-10-NIL_annecy,fr,FALSE,9,20,0.45,PROBABLE,False,False,0,0,1,1,0,0,1,1,1,1,1,1,1,0,0,0,0,0,0,0
GDL-1826-08-22-10,GDL-1826-08-22-10-NIL_m_le_prince_de_metternicli,GDL-1826-08-22-10-NIL_lac_de_come,fr,FALSE,14,20,0.7,PROBABLE,False,False,1,0,1,1,1,0,1,1,0,1,1,1,1,1,1,1,1,0,0,0
GDL-1826-08-22-10,GDL-1826-08-22-10-NIL_m_le_prince_de_metternicli,GDL-1826-08-22-10-NIL_sardaigne,fr,FALSE,14,20,0.7,PROBABLE,False,False,1,0,1,1,1,0,1,1,0,1,1,1,1,1,1,1,1,0,0,0
GDL-1826-09-29-17,GDL-1826-09-29-17-NIL_m_carnero,GDL-1826-09-29-17-NIL_madrid,fr,TRUE,11,20,0.55,PROBABLE,False,False,0,1,0,0,0,1,1,0,0,1,1,1,1,1,0,1,1,0,0,1
GDL-1826-09-29-17,GDL-1826-09-29-17-NIL_m_le_marquis_de_souza,GDL-1826-09-29-17-NIL_zamora,fr,FALSE,6,20,0.3,PROBABLE,False,False,1,0,1,1,1,0,0,0,0,1,1,0,0,0,0,0,0,0,0,0
GDL-1838-05-11-a-i0004,GDL-1838-05-11-a-i0004_Q669820,GDL-1838-05-11-a-i0004_Q45,fr,TRUE,13,20,0.65,PROBABLE,False,False,1,1,1,1,1,1,1,1,0,1,1,1,1,0,0,0,0,0,0,1
GDL-1841-07-30-7,GDL-1841-07-30-7-NIL_fanny_elliott,GDL-1841-07-30-7-NIL_angleterre,fr,TRUE,12,20,0.6,PROBABLE,False,False,1,1,1,1,1,1,0,1,0,1,1,1,1,0,0,0,0,0,0,1
GDL-1881-01-15-12,GDL-1881-01-15-12-NIL_m_patrick_collins,GDL-1881-01-15-12-NIL_boston,fr,TRUE,11,20,0.55,FALSE,False,False,1,1,1,1,1,1,0,1,1,0,0,0,0,1,1,0,1,0,0,0
GDL-1881-01-15-12,GDL-1881-01-15-12-NIL_m_patrick_collins,GDL-1881-01-15-12-NIL_lancashire,fr,FALSE,7,20,0.35,PROBABLE,False,False,1,0,1,0,1,0,0,0,0,1,1,1,1,0,0,0,0,0,0,0
GDL-1881-01-15-12,GDL-1881-01-15-12-NIL_m_patrick_collins,GDL-1881-01-15-12-NIL_salford,fr,FALSE,11,20,0.55,PROBABLE,False,False,1,0,1,1,1,0,1,0,1,1,1,1,1,0,0,1,0,0,0,0
GDL-1881-01-15-12,GDL-1881-01-15-12-NIL_m_patrick_collins,GDL-1881-01-15-12-NIL_washington,fr,FALSE,7,20,0.35,PROBABLE,False,False,0,0,1,0,0,0,1,0,1,1,1,1,1,0,0,0,0,0,0,0
GDL-1881-09-24-5,GDL-1881-09-24-5-NIL_m_aime_humbert,GDL-1881-09-24-5-NIL_glaris,fr,FALSE,5,20,0.25,TRUE,False,False,0,0,1,1,0,0,0,1,0,1,1,0,0,0,0,0,0,0,0,0
GDL-1881-09-24-5,GDL-1881-09-24-5-NIL_m_berthoud,GDL-1881-09-24-5-NIL_gorges_de_l_areuse,fr,FALSE,8,20,0.4,TRUE,False,False,0,0,1,1,0,0,1,1,0,1,1,1,1,0,0,0,0,0,0,0
GDL-1908-01-07-a-i0009,GDL-1908-01-07-a-i0009_Q1069292,GDL-1908-01-07-a-i0009_Q2807,fr,TRUE,20,20,1.0,,False,True,1,1,1,1,1,1,1,1,1,1,1,1,1,1,1,1,1,1,1,1
GDL-1921-10-05-19,GDL-1921-10-05-19-NIL_m_bosgbartft,GDL-1921-10-05-19-NIL_autriche,fr,FALSE,8,20,0.4,TRUE,False,False,0,1,1,1,0,0,0,0,1,1,1,1,1,0,0,0,0,0,0,0
GDL-1928-05-06-a-i0059,GDL-1928-05-06-a-i0059_Q16524004,GDL-1928-05-06-a-i0059_Q41,fr,TRUE,2,20,0.1,PROBABLE,False,False,0,0,1,1,0,0,0,0,0,0,0,0,0,0,0,0,0,0,0,0
GDL-1928-05-06-a-i0059,GDL-1928-05-06-a-i0059_Q2713806,GDL-1928-05-06-a-i0059_Q103011,fr,FALSE,10,20,0.5,PROBABLE,False,False,1,0,1,1,1,0,1,1,1,1,1,0,0,1,0,0,0,0,0,0
GDL-1961-12-21-72,GDL-1961-12-21-72-NIL_coppi,GDL-1961-12-21-72-NIL_herentals,fr,FALSE,11,20,0.55,PROBABLE,False,False,0,0,0,0,0,0,1,1,1,1,1,1,1,1,1,1,1,0,0,0
GDL-1961-12-21-72,GDL-1961-12-21-72-NIL_rilc,GDL-1961-12-21-72-NIL_belge,fr,TRUE,7,20,0.35,PROBABLE,False,False,1,1,0,0,1,0,0,0,0,0,0,1,1,1,1,0,0,0,0,0
GDL-1961-12-21-72,GDL-1961-12-21-72-NIL_rilc_van_looy,GDL-1961-12-21-72-NIL_herentals,fr,TRUE,11,20,0.55,PROBABLE,False,False,1,1,1,1,1,0,1,1,0,1,1,1,1,0,0,0,0,0,0,0
GDL-1961-12-21-72,GDL-1961-12-21-72-NIL_serge_lang,GDL-1961-12-21-72-NIL_belge,fr,FALSE,6,20,0.3,PROBABLE,False,False,0,0,0,0,0,0,0,0,0,0,0,1,1,0,0,1,1,1,1,0
GDL-1981-05-13-1,GDL-1981-05-13-1-NIL_ronald_reagan,GDL-1981-05-13-1-NIL_syrie,fr,FALSE,9,20,0.45,PROBABLE,False,False,1,0,1,1,1,0,1,1,1,1,1,0,0,0,0,0,0,0,0,0
GDL-1981-07-25-67,GDL-1981-07-25-67-NIL_george,GDL-1981-07-25-67-NIL_monte_carlocyclisme,fr,FALSE,10,20,0.5,PROBABLE,False,False,0,0,1,1,0,0,1,1,1,1,1,1,1,0,0,1,0,0,0,0
GDL-1981-07-25-67,GDL-1981-07-25-67-NIL_raymond_vincy,GDL-1981-07-25-67-NIL_france,fr,FALSE,6,20,0.3,TRUE,False,False,0,0,1,1,0,0,1,0,1,1,1,0,0,0,0,0,0,0,0,0
GDL-1981-11-17-62,GDL-1981-11-17-62-NIL_frescobaldi,GDL-1981-11-17-62-NIL_eglise_saint_jacques,fr,FALSE,11,20,0.55,PROBABLE,False,False,1,0,1,1,1,0,1,0,1,1,1,1,1,0,0,1,0,0,0,0
GDL-1981-11-17-62,GDL-1981-11-17-62-NIL_g_w_pabst,GDL-1981-11-17-62-NIL_bourges,fr,FALSE,12,20,0.6,TRUE,False,False,1,0,1,1,1,0,1,1,1,1,1,1,1,0,0,1,0,0,0,0
GDL-1981-11-17-62,GDL-1981-11-17-62-NIL_jeanne_ney,GDL-1981-11-17-62-NIL_halles,fr,FALSE,11,20,0.55,PROBABLE,False,False,1,0,1,1,1,0,1,1,1,1,1,1,1,0,0,0,0,0,0,0
GDL-1981-11-17-62,GDL-1981-11-17-62-NIL_melaine_favenncc,GDL-1981-11-17-62-NIL_montreux,fr,FALSE,10,20,0.5,PROBABLE,False,False,0,0,0,0,0,0,1,1,1,1,1,1,1,1,1,0,1,0,0,0
GDL-1981-12-11-62,GDL-1981-12-11-62-NIL_m_benjamin,GDL-1981-12-11-62-NIL_fulgur,fr,FALSE,1,20,0.05,TRUE,False,False,0,0,0,0,0,0,1,0,0,0,0,0,0,0,0,0,0,0,0,0
GDL-1981-12-11-62,GDL-1981-12-11-62-NIL_maria_esteve,GDL-1981-12-11-62-NIL_fulgur,fr,FALSE,4,20,0.2,PROBABLE,False,False,0,0,0,0,0,0,1,1,0,1,1,0,0,0,0,0,0,0,0,0
GDL-1981-12-11-62,GDL-1981-12-11-62-NIL_mouky,GDL-1981-12-11-62-NIL_fulgur,fr,FALSE,4,20,0.2,PROBABLE,False,False,0,0,0,0,0,0,1,1,0,1,1,0,0,0,0,0,0,0,0,0
IMP-2018-01-03-a-i0049,IMP-2018-01-03-a-i0049-NIL_scipion,IMP-2018-01-03-a-i0049_Q398,fr,PROBABLE,14,20,0.7,FALSE,False,False,0,0,0,0,0,1,0,1,1,1,1,1,1,1,1,1,1,1,1,1
JDG-1921-02-22-34,JDG-1921-02-22-34-NIL_m_ernest_ansemiet,JDG-1921-02-22-34-NIL_gourgas,fr,FALSE,5,20,0.25,PROBABLE,False,False,0,0,1,0,0,0,0,1,1,1,1,0,0,0,0,0,0,0,0,0
JDG-1921-02-22-34,JDG-1921-02-22-34-NIL_m_stalder,JDG-1921-02-22-34-NIL_berne,fr,TRUE,13,20,0.65,PROBABLE,False,False,1,1,0,0,1,0,1,1,0,1,1,1,1,1,1,0,1,0,0,1
JDG-1921-02-22-34,JDG-1921-02-22-34-NIL_m_stalder,JDG-1921-02-22-34-NIL_suisse_romande,fr,TRUE,18,20,0.9,FALSE,False,False,1,1,1,1,1,1,1,1,0,1,1,1,1,1,1,1,1,1,1,0
JDG-1961-01-20-70,JDG-1961-01-20-70-NIL_m_f_stirnimann,JDG-1961-01-20-70-NIL_olten,fr,TRUE,12,20,0.6,FALSE,False,False,0,1,0,0,0,1,1,1,0,1,1,1,1,1,1,1,1,0,0,0
JDG-1961-01-20-70,JDG-1961-01-20-70-NIL_roger_riviere,JDG-1961-01-20-70-NIL_lamalou_les_bains,fr,TRUE,12,20,0.6,PROBABLE,False,False,0,1,1,1,0,0,1,1,1,1,1,1,1,0,1,1,0,0,0,0
JDG-1961-01-20-70,JDG-1961-01-20-70-NIL_stern,JDG-1961-01-20-70-NIL_lamalou_les_bains,fr,TRUE,13,20,0.65,PROBABLE,False,False,1,1,1,1,1,0,1,1,1,1,1,1,1,0,0,0,0,0,0,1
NZZ-1818-01-06-a-p0001,NZZ-1818-01-06-a-p0001_Q12971,NZZ-1818-01-06-a-p0001_Q1095337,de,TRUE,14,20,0.7,PROBABLE,False,False,1,1,0,0,1,1,1,1,1,1,1,1,1,1,1,0,0,0,0,1
NZZ-1818-01-06-a-p0001,NZZ-1818-01-06-a-p0001_Q131691,NZZ-1818-01-06-a-p0001_Q784000,de,FALSE,7,20,0.35,PROBABLE,False,False,0,0,1,1,0,0,1,1,1,1,1,0,0,0,0,0,0,0,0,0
NZZ-1828-04-09-a-p0001,NZZ-1828-04-09-a-p0001-NIL_jakob_tobler,NZZ-1828-04-09-a-p0001_Q67148,de,PROBABLE,5,20,0.25,TRUE,False,False,0,0,0,0,0,0,0,1,1,0,0,0,0,0,0,1,1,0,1,0
NZZ-1828-05-10-a-p0002,NZZ-1828-05-10-a-p0002-NIL_nazar_richlin,NZZ-1828-05-10-a-p0002_Q12433,de,TRUE,16,20,0.8,FALSE,False,False,1,1,0,0,1,1,1,1,0,1,1,1,1,1,1,1,1,1,1,0
NZZ-1848-10-21-a-p0003,NZZ-1848-10-21-a-p0003-NIL_teichert,NZZ-1848-10-21-a-p0003_Q490,de,FALSE,2,20,0.1,TRUE,False,False,0,0,0,0,0,0,0,0,0,1,1,0,0,0,0,0,0,0,0,0
NZZ-1848-10-21-a-p0003,NZZ-1848-10-21-a-p0003_Q153500,NZZ-1848-10-21-a-p0003_Q1794,de,FALSE,5,20,0.25,TRUE,False,False,1,0,0,0,1,0,1,0,1,0,0,0,0,0,0,0,0,1,0,0
NZZ-1848-10-21-a-p0003,NZZ-1848-10-21-a-p0003_Q153500,NZZ-1848-10-21-a-p0003_Q183,de,FALSE,1,20,0.05,TRUE,False,False,0,0,0,0,0,0,0,0,1,0,0,0,0,0,0,0,0,0,0,0
NZZ-1848-10-21-a-p0003,NZZ-1848-10-21-a-p0003_Q455008,NZZ-1848-10-21-a-p0003_Q14960,de,FALSE,8,20,0.4,PROBABLE,False,False,1,0,0,0,1,0,1,1,0,1,1,0,0,1,1,0,0,0,0,0
NZZ-1848-10-21-a-p0003,NZZ-1848-10-21-a-p0003_Q78807,NZZ-1848-10-21-a-p0003_Q1741,de,TRUE,12,20,0.6,PROBABLE,False,False,1,1,1,1,1,1,1,0,0,0,0,1,1,0,0,0,0,1,1,1
NZZ-1868-02-17-a-p0001,NZZ-1868-02-17-a-p0001-NIL_mellana,NZZ-1868-02-17-a-p0001_Q828,de,FALSE,6,20,0.3,PROBABLE,False,False,0,0,0,0,0,0,0,1,1,1,1,0,0,0,0,0,0,1,1,0
NZZ-1878-02-06-b-p0001,NZZ-1878-02-06-b-p0001_Q66452,NZZ-1878-02-06-b-p0001_Q16869,de,FALSE,6,20,0.3,TRUE,False,False,0,0,0,0,0,0,1,1,0,0,0,1,1,0,0,0,0,1,0,1
NZZ-1878-10-02-b-p0009,NZZ-1878-10-02-b-p0009_Q76679,NZZ-1878-10-02-b-p0009_Q1345,de,FALSE,9,20,0.45,PROBABLE,False,False,1,0,0,0,1,0,1,1,1,1,1,1,1,0,0,0,0,0,0,0
NZZ-1878-10-02-b-p0009,NZZ-1878-10-02-b-p0009_Q76679,NZZ-1878-10-02-b-p0009_Q172579,de,FALSE,10,20,0.5,PROBABLE,False,False,1,0,1,1,1,0,1,1,0,1,1,0,0,1,1,0,0,0,0,0
NZZ-1878-10-02-b-p0009,NZZ-1878-10-02-b-p0009_Q76679,NZZ-1878-10-02-b-p0009_Q28,de,FALSE,11,20,0.55,PROBABLE,False,False,1,0,1,1,1,0,1,1,1,1,1,1,1,0,0,0,0,0,0,0
NZZ-1878-10-02-b-p0009,NZZ-1878-10-02-b-p0009_Q76679,NZZ-1878-10-02-b-p0009_Q40,de,FALSE,12,20,0.6,PROBABLE,False,False,1,0,1,1,1,1,1,1,1,1,1,1,1,0,0,0,0,0,0,0
NZZ-1878-10-02-b-p0009,NZZ-1878-10-02-b-p0009_Q76679,NZZ-1878-10-02-b-p0009_Q43,de,FALSE,20,20,1.0,,False,True,1,1,1,1,1,1,1,1,1,1,1,1,1,1,1,1,1,1,1,1
NZZ-1878-10-02-b-p0009,NZZ-1878-10-02-b-p0009_Q76679,NZZ-1878-10-02-b-p0009_Q490,de,FALSE,10,20,0.5,PROBABLE,False,False,1,0,1,1,1,0,0,1,1,1,1,1,1,0,0,0,0,0,0,0
NZZ-1898-05-02-d-p0001,NZZ-1898-05-02-d-p0001-NIL_carl_v_muralt,NZZ-1898-05-02-d-p0001_Q248693,de,FALSE,4,20,0.2,PROBABLE,False,False,0,0,0,0,0,0,1,1,0,1,1,0,0,0,0,0,0,0,0,0
NZZ-1898-05-02-d-p0001,NZZ-1898-05-02-d-p0001-NIL_jakob_welti,NZZ-1898-05-02-d-p0001_Q248693,de,FALSE,4,20,0.2,PROBABLE,False,False,0,0,0,0,0,0,1,1,0,1,1,0,0,0,0,0,0,0,0,0
NZZ-1898-05-02-d-p0001,NZZ-1898-05-02-d-p0001_Q123734,NZZ-1898-05-02-d-p0001_Q248693,de,TRUE,17,20,0.85,FALSE,False,False,1,1,1,1,1,1,1,1,0,0,0,1,1,1,1,1,1,1,1,1
NZZ-1898-06-10-c-p0001,NZZ-1898-06-10-c-p0001-NIL_aunnen,NZZ-1898-06-10-c-p0001_Q1486,de,PROBABLE,7,20,0.35,FALSE,False,False,0,0,0,0,0,1,0,0,0,0,0,0,0,1,1,1,1,0,1,1
NZZ-1898-11-07-c-p0001,NZZ-1898-11-07-c-p0001_Q51056,NZZ-1898-11-07-c-p0001_Q28,de,PROBABLE,9,20,0.45,TRUE,False,False,0,0,0,0,0,1,0,0,1,1,1,0,0,1,1,1,1,0,1,0
NZZ-1898-11-07-c-p0001,NZZ-1898-11-07-c-p0001_Q716001,NZZ-1898-11-07-c-p0001_Q46313,de,TRUE,14,20,0.7,PROBABLE,False,False,1,1,1,1,1,1,1,1,0,1,1,1,1,0,0,1,0,0,0,1
NZZ-1908-09-15-d-p0002,NZZ-1908-09-15-d-p0002-NIL_josephine_zapf,NZZ-1908-09-15-d-p0002-NIL_schlo_guttingen,de,TRUE,6,20,0.3,FALSE,False,False,1,1,1,1,1,1,0,0,0,0,0,0,0,0,0,0,0,0,0,0
NZZ-1928-02-17-i-p0001,NZZ-1928-02-17-i-p0001-NIL_niederer,NZZ-1928-02-17-i-p0001_Q2244426,de,FALSE,2,20,0.1,PROBABLE,False,False,0,0,0,0,0,0,0,0,0,1,1,0,0,0,0,0,0,0,0,0
NZZ-1928-06-05-a-p0002,NZZ-1928-06-05-a-p0002_Q34624,NZZ-1928-06-05-a-p0002_Q807,de,FALSE,8,20,0.4,PROBABLE,False,False,0,0,1,1,0,0,1,1,0,1,1,1,1,0,0,0,0,0,0,0
NZZ-1928-06-05-a-p0002,NZZ-1928-06-05-a-p0002_Q670852,NZZ-1928-06-05-a-p0002_Q807,de,FALSE,9,20,0.45,PROBABLE,False,False,0,0,1,1,0,0,1,1,1,1,1,1,1,0,0,0,0,0,0,0
NZZ-1938-11-13-c-p0001,NZZ-1938-11-13-c-p0001-NIL_siurgenenger,NZZ-1938-11-13-c-p0001_Q31003,de,FALSE,7,20,0.35,PROBABLE,False,False,0,0,1,1,0,0,1,1,1,1,1,0,0,0,0,0,0,0,0,0
NZZ-1938-11-13-c-p0001,NZZ-1938-11-13-c-p0001-NIL_siurgenenger,NZZ-1938-11-13-c-p0001_Q66243,de,FALSE,7,20,0.35,PROBABLE,False,False,0,0,1,1,0,0,1,1,1,1,1,0,0,0,0,0,0,0,0,0
NZZ-1938-11-13-c-p0001,NZZ-1938-11-13-c-p0001-NIL_siurgenenger,NZZ-1938-11-13-c-p0001_Q670576,de,FALSE,11,20,0.55,TRUE,False,False,0,0,1,1,0,0,1,1,0,1,1,0,0,0,0,1,1,1,1,1
NZZ-1938-11-13-c-p0001,NZZ-1938-11-13-c-p0001-NIL_siurgenenger,NZZ-1938-11-13-c-p0001_Q701030,de,FALSE,7,20,0.35,PROBABLE,False,False,0,0,1,1,0,0,1,1,1,1,1,0,0,0,0,0,0,0,0,0
NZZ-1938-12-12-a-p0001,NZZ-1938-12-12-a-p0001_Q7917056,NZZ-1938-12-12-a-p0001-NIL_ostgalizien,de,PROBABLE,7,20,0.35,FALSE,False,False,0,0,0,0,0,0,0,0,1,0,0,0,0,1,1,1,1,1,1,0
NZZ-1948-07-19-c-p0002,NZZ-1948-07-19-c-p0002_Q151414,NZZ-1948-07-19-c-p0002_Q145,de,FALSE,9,20,0.45,PROBABLE,False,False,0,0,1,1,0,0,1,1,1,1,1,1,1,0,0,0,0,0,0,0
NZZ-1948-07-19-c-p0002,NZZ-1948-07-19-c-p0002_Q332405,NZZ-1948-07-19-c-p0002_Q142,de,FALSE,4,20,0.2,PROBABLE,False,False,0,0,0,0,0,0,1,0,1,1,1,0,0,0,0,0,0,0,0,0
NZZ-1948-07-19-c-p0002,NZZ-1948-07-19-c-p0002_Q382070,NZZ-1948-07-19-c-p0002_Q142,de,TRUE,1,20,0.05,PROBABLE,False,False,0,1,0,0,0,0,0,0,0,0,0,0,0,0,0,0,0,0,0,0
NZZ-1948-12-30-a-p0002,NZZ-1948-12-30-a-p0002_Q1391679,NZZ-1948-12-30-a-p0002_Q85,de,TRUE,14,20,0.7,FALSE,False,False,1,1,0,0,1,1,0,1,1,1,1,1,1,1,1,0,0,1,1,0
luxwort-1848-10-01-a-i0001,luxwort-1848-10-01-a-i0001-NIL_neumann,luxwort-1848-10-01-a-i0001_Q741589,de,PROBABLE,11,20,0.55,FALSE,False,False,0,0,0,0,0,1,1,0,0,1,1,0,0,1,1,1,1,1,1,1
luxwort-1858-02-24-a-i0002,luxwort-1858-02-24-a-i0002_Q7771,luxwort-1858-02-24-a-i0002_Q142,de,TRUE,8,20,0.4,FALSE,False,False,0,1,1,1,0,0,0,1,0,1,1,0,0,0,0,0,0,0,1,1
luxwort-1858-10-24-a-i0007,luxwort-1858-10-24-a-i0007_Q2215748,luxwort-1858-10-24-a-i0007_Q495,de,TRUE,17,20,0.85,PROBABLE,False,False,1,1,1,1,1,1,1,1,0,1,1,1,1,0,0,1,1,1,1,1
luxwort-1858-10-24-a-i0007,luxwort-1858-10-24-a-i0007_Q446724,luxwort-1858-10-24-a-i0007-NIL_avigdor,de,FALSE,5,20,0.25,TRUE,False,False,0,0,0,0,0,0,1,1,0,1,1,0,0,0,0,0,0,1,0,0
luxwort-1858-10-24-a-i0007,luxwort-1858-10-24-a-i0007_Q446724,luxwort-1858-10-24-a-i0007_Q4918,de,TRUE,9,20,0.45,PROBABLE,False,False,1,1,1,1,1,1,1,0,0,0,0,1,1,0,0,0,0,0,0,0
luxwort-1938-05-06-a-i0025,luxwort-1938-05-06-a-i0025_Q101886,luxwort-1938-05-06-a-i0025_Q42182,de,PROBABLE,3,20,0.15,TRUE,False,False,1,0,0,0,1,0,0,0,0,0,0,0,0,0,1,0,0,0,0,0
luxwort-1938-05-06-a-i0025,luxwort-1938-05-06-a-i0025_Q213954,luxwort-1938-05-06-a-i0025_Q84,de,TRUE,18,20,0.9,FALSE,False,False,1,1,0,0,1,1,1,1,1,1,1,1,1,1,1,1,1,1,1,1
luxwort-1938-05-06-a-i0025,luxwort-1938-05-06-a-i0025_Q9342427,luxwort-1938-05-06-a-i0025_Q1792,de,PROBABLE,10,20,0.5,TRUE,False,False,0,0,0,0,0,1,1,0,1,0,0,0,0,1,1,1,1,1,1,1
luxwort-1938-05-20-a-i0023,luxwort-1938-05-20-a-i0023-NIL_victor_homberg,luxwort-1938-05-20-a-i0023_Q142,de,PROBABLE,14,20,0.7,TRUE,False,False,1,0,0,0,1,1,1,0,1,1,1,0,0,1,1,1,1,1,1,1
luxwort-1938-05-20-a-i0023,luxwort-1938-05-20-a-i0023_Q275020,luxwort-1938-05-20-a-i0023_Q237,de,FALSE,9,20,0.45,PROBABLE,False,False,0,0,1,1,0,0,1,1,1,1,1,1,1,0,0,0,0,0,0,0
luxwort-1948-04-23-a-i0023,luxwort-1948-04-23-a-i0023_Q1275,luxwort-1948-04-23-a-i0023_Q239,de,FALSE,5,20,0.25,PROBABLE,False,False,0,0,1,0,0,0,1,1,0,1,1,0,0,0,0,0,0,0,0,0
luxwort-1948-05-04-a-i0049,luxwort-1948-05-04-a-i0049_Q151414,luxwort-1948-05-04-a-i0049_Q30,de,FALSE,3,20,0.15,PROBABLE,False,False,0,0,0,0,0,0,1,0,0,1,1,0,0,0,0,0,0,0,0,0
luxwort-1948-05-04-a-i0049,luxwort-1948-05-04-a-i0049_Q3379042,luxwort-1948-05-04-a-i0049_Q46,de,TRUE,7,20,0.35,PROBABLE,False,False,1,1,1,1,1,0,0,0,0,0,0,1,1,0,0,0,0,0,0,0
luxwort-1948-05-04-a-i0049,luxwort-1948-05-04-a-i0049_Q3379042,luxwort-1948-05-04-a-i0049_Q61,de,PROBABLE,14,20,0.7,TRUE,False,False,1,0,0,0,1,1,0,1,1,1,1,0,0,1,1,1,1,1,1,1
luxwort-1948-11-06-a-i0044,luxwort-1948-11-06-a-i0044_Q697373,luxwort-1948-11-06-a-i0044_Q1780,de,TRUE,11,20,0.55,PROBABLE,False,False,1,1,0,0,1,0,1,0,0,1,1,1,1,1,1,0,0,0,0,1
luxwort-1948-11-06-a-i0044,luxwort-1948-11-06-a-i0044_Q697373,luxwort-1948-11-06-a-i0044_Q33946,de,TRUE,4,20,0.2,FALSE,False,False,0,1,0,0,0,0,0,0,0,1,1,0,0,0,0,0,0,0,0,1
sn82014385-1810-04-07-a-i0003,sn82014385-1810-04-07-a-i0003-NIL_capt_b_,sn82014385-1810-04-07-a-i0003_Q45,en,TRUE,5,20,0.25,PROBABLE,False,False,0,0,0,0,0,0,0,0,1,1,1,1,1,0,0,0,0,0,0,0
sn82014385-1810-04-07-a-i0003,sn82014385-1810-04-07-a-i0003-NIL_capt_b_,sn82014385-1810-04-07-a-i0003_Q597,en,TRUE,9,20,0.45,PROBABLE,False,False,0,1,0,0,0,0,1,0,1,1,1,1,1,0,0,0,0,1,0,1
sn82014385-1810-04-07-a-i0003,sn82014385-1810-04-07-a-i0003-NIL_capt_burger,sn82014385-1810-04-07-a-i0003_Q597,en,TRUE,9,20,0.45,PROBABLE,False,False,0,1,0,0,0,1,1,1,1,1,1,1,1,0,0,0,0,0,0,0
sn82014385-1810-04-07-a-i0003,sn82014385-1810-04-07-a-i0003-NIL_gen_fain,sn82014385-1810-04-07-a-i0003-NIL_boneventa,en,FALSE,7,20,0.35,PROBABLE,False,False,1,0,1,1,1,0,0,1,0,1,1,0,0,0,0,0,0,0,0,0
sn82014385-1810-04-14-a-i0002,sn82014385-1810-04-14-a-i0002_Q11813,sn82014385-1810-04-14-a-i0002_Q30,en,TRUE,12,20,0.6,FALSE,False,False,0,1,0,0,0,1,0,1,0,0,0,1,1,1,1,1,1,1,1,1
sn82014385-1810-04-14-a-i0002,sn82014385-1810-04-14-a-i0002_Q11813,sn82014385-1810-04-14-a-i0002_Q450324,en,FALSE,11,20,0.55,PROBABLE,False,False,1,0,1,1,1,0,1,1,0,1,1,1,1,0,0,1,0,0,0,0
sn82014385-1810-04-14-a-i0002,sn82014385-1810-04-14-a-i0002_Q1706673,sn82014385-1810-04-14-a-i0002_Q1370,en,FALSE,7,20,0.35,PROBABLE,False,False,1,0,1,1,1,0,0,1,0,1,1,0,0,0,0,0,0,0,0,0
sn83020874-1830-03-03-a-i0002,sn83020874-1830-03-03-a-i0002-NIL_ferdinand,sn83020874-1830-03-03-a-i0002_Q1370,en,FALSE,10,20,0.5,PROBABLE,False,False,1,0,1,1,1,0,1,1,0,1,1,1,1,0,0,0,0,0,0,0
sn83020874-1830-03-03-a-i0002,sn83020874-1830-03-03-a-i0002-NIL_ferdinand,sn83020874-1830-03-03-a-i0002_Q1456,en,FALSE,12,20,0.6,PROBABLE,False,False,1,0,1,1,1,0,1,1,0,1,1,1,1,1,1,0,0,0,0,0
sn83025812-1930-03-21-a-i0010,sn83025812-1930-03-21-a-i0010-NIL_d_v_m_,sn83025812-1930-03-21-a-i0010_Q745614,en,FALSE,3,20,0.15,TRUE,False,False,0,0,1,1,0,0,0,0,1,0,0,0,0,0,0,0,0,0,0,0
sn83025812-1930-03-21-a-i0010,sn83025812-1930-03-21-a-i0010-NIL_e_p_white,sn83025812-1930-03-21-a-i0010_Q295787,en,TRUE,7,20,0.35,PROBABLE,False,False,0,1,0,0,0,0,1,1,0,1,1,1,1,0,0,0,0,0,0,0
sn83025812-1930-03-21-a-i0010,sn83025812-1930-03-21-a-i0010-NIL_g_d_miller,sn83025812-1930-03-21-a-i0010_Q295787,en,TRUE,9,20,0.45,PROBABLE,False,False,0,1,0,0,0,0,1,1,0,1,1,1,1,0,0,1,0,0,0,1
sn83025812-1930-03-21-a-i0010,sn83025812-1930-03-21-a-i0010-NIL_g_d_miller,sn83025812-1930-03-21-a-i0010_Q745614,en,TRUE,9,20,0.45,PROBABLE,False,False,0,1,0,0,0,1,1,1,0,1,1,1,1,0,1,0,0,0,0,0
sn83025812-1930-07-11-a-i0003,sn83025812-1930-07-11-a-i0003-NIL_the_king,sn83025812-1930-07-11-a-i0003_Q220,en,TRUE,15,20,0.75,PROBABLE,False,False,0,1,1,1,0,1,1,1,1,1,1,1,1,1,1,0,1,0,0,1
sn83025812-1930-07-11-a-i0003,sn83025812-1930-07-11-a-i0003-NIL_w_o_,sn83025812-1930-07-11-a-i0003_Q38,en,TRUE,10,20,0.5,PROBABLE,False,False,0,1,1,1,0,1,1,1,1,0,0,1,1,1,0,0,0,0,0,0
sn83026170-1820-03-06-a-i0002,sn83026170-1820-03-06-a-i0002-NIL_william_murphy,sn83026170-1820-03-06-a-i0002_Q5092,en,TRUE,12,20,0.6,FALSE,False,False,0,1,0,0,0,1,1,1,1,1,1,1,1,0,0,0,0,1,1,1
sn83026170-1820-05-05-a-i0004,sn83026170-1820-05-05-a-i0004-NIL_john_binns,sn83026170-1820-05-05-a-i0004-NIL_chesnut_street,en,TRUE,18,20,0.9,FALSE,False,False,1,1,0,0,1,1,1,1,1,1,1,1,1,1,1,1,1,1,1,1
sn83026170-1820-05-05-a-i0004,sn83026170-1820-05-05-a-i0004-NIL_john_binns,sn83026170-1820-05-05-a-i0004_Q23666,en,FALSE,10,20,0.5,PROBABLE,False,False,1,0,1,1,1,0,1,0,0,1,1,1,1,0,0,1,0,0,0,0
sn83026170-1820-05-05-a-i0004,sn83026170-1820-05-05-a-i0004_Q101384,sn83026170-1820-05-05-a-i0004_Q1345,en,FALSE,13,20,0.65,PROBABLE,False,False,0,0,1,1,0,1,1,1,1,1,1,1,1,1,0,1,0,0,0,1
sn83026170-1820-09-09-a-i0004,sn83026170-1820-09-09-a-i0004-NIL_governor_lloyd,sn83026170-1820-09-09-a-i0004_Q30,en,TRUE,6,20,0.3,PROBABLE,False,False,1,1,1,1,1,0,0,0,0,0,0,0,0,0,0,0,0,1,0,0
sn83030483-1790-03-03-a-i0004,sn83030483-1790-03-03-a-i0004_Q3934904,sn83030483-1790-03-03-a-i0004-NIL_bafleville,en,PROBABLE,6,20,0.3,TRUE,False,False,0,0,0,0,0,0,0,0,0,1,1,0,0,1,1,1,1,0,0,0
sn83030483-1790-03-03-a-i0004,sn83030483-1790-03-03-a-i0004_Q3934904,sn83030483-1790-03-03-a-i0004_Q84,en,FALSE,2,20,0.1,TRUE,False,False,0,0,0,0,0,0,1,0,0,0,0,0,0,0,0,0,0,1,0,0
sn83030483-1790-03-31-a-i0004,sn83030483-1790-03-31-a-i0004-NIL_vian_j_cadiot_lombard_rebian,sn83030483-1790-03-31-a-i0004_Q335322,en,TRUE,13,20,0.65,FALSE,False,False,0,1,0,0,0,1,1,0,1,1,1,1,1,1,1,1,1,0,0,1
sn83030483-1790-05-29-a-i0003,sn83030483-1790-05-29-a-i0003-NIL_capt_kepling,sn83030483-1790-05-29-a-i0003_Q29520,en,FALSE,15,20,0.75,PROBABLE,False,False,1,0,1,1,1,0,1,1,1,1,1,1,1,1,1,1,1,0,0,0
sn83030483-1790-05-29-a-i0003,sn83030483-1790-05-29-a-i0003-NIL_h011_james_gordon,sn83030483-1790-05-29-a-i0003_Q28729,en,FALSE,11,20,0.55,PROBABLE,False,False,1,0,1,1,1,0,1,1,1,1,1,1,1,0,0,0,0,0,0,0
sn83030483-1790-05-29-a-i0003,sn83030483-1790-05-29-a-i0003_Q2078354,sn83030483-1790-05-29-a-i0003-NIL_belipatain,en,FALSE,15,20,0.75,PROBABLE,False,False,1,1,1,1,1,0,1,1,1,1,1,1,1,1,0,0,0,1,1,0
sn83030483-1790-05-29-a-i0003,sn83030483-1790-05-29-a-i0003_Q2078354,sn83030483-1790-05-29-a-i0003_Q28729,en,FALSE,12,20,0.6,PROBABLE,False,False,1,1,1,1,1,0,1,1,1,1,1,1,1,0,0,0,0,0,0,0
sn84020750-1840-04-18-a-i0002,sn84020750-1840-04-18-a-i0002_Q11820,sn84020750-1840-04-18-a-i0002_Q30,en,PROBABLE,11,20,0.55,TRUE,False,False,0,0,0,0,0,1,1,1,1,1,1,0,0,0,1,1,1,1,1,0
sn84026272-1800-10-16-a-i0001,sn84026272-1800-10-16-a-i0001-NIL_alexan_der_addison,sn84026272-1800-10-16-a-i0001_Q30,en,TRUE,12,20,0.6,FALSE,False,False,0,1,0,0,0,0,1,1,1,1,1,1,1,1,1,1,1,0,0,0
sn84026272-1800-10-16-a-i0001,sn84026272-1800-10-16-a-i0001-NIL_d_c_i_dwell_clerl_of_lie_dijtriel_of_peonsyl_v_aoisa,sn84026272-1800-10-16-a-i0001_Q30,en,TRUE,16,20,0.8,FALSE,False,False,0,1,1,1,0,0,0,1,1,1,1,1,1,1,1,1,1,1,1,1
sn84026272-1800-12-27-a-i0002,sn84026272-1800-12-27-a-i0002-NIL_otto,sn84026272-1800-12-27-a-i0002_Q142,en,FALSE,8,20,0.4,PROBABLE,False,False,1,0,1,1,1,0,0,1,1,1,1,0,0,0,0,0,0,0,0,0
sn85042404-1880-03-09-a-i0004,sn85042404-1880-03-09-a-i0004-NIL_yenard,sn85042404-1880-03-09-a-i0004-NIL_nevada_col_,en,PROBABLE,10,20,0.5,TRUE,False,False,0,0,0,0,0,1,1,1,1,0,0,0,0,1,1,1,1,1,1,0
sn86063397-1900-06-26-a-i0002,sn86063397-1900-06-26-a-i0002_Q1966467,sn86063397-1900-06-26-a-i0002_Q1221,en,FALSE,13,20,0.65,PROBABLE,False,False,1,0,1,1,1,0,1,1,0,1,1,1,1,1,0,0,1,1,0,0
sn86063397-1900-06-26-a-i0002,sn86063397-1900-06-26-a-i0002_Q212679,sn86063397-1900-06-26-a-i0002_Q1371,en,FALSE,8,20,0.4,PROBABLE,False,False,1,0,1,1,1,0,1,1,0,1,1,0,0,0,0,0,0,0,0,0
sn88068010-1890-09-25-a-i0006,sn88068010-1890-09-25-a-i0006_Q44105,sn88068010-1890-09-25-a-i0006_Q46,en,TRUE,0,20,0.0,FALSE,True,False,0,0,0,0,0,0,0,0,0,0,0,0,0,0,0,0,0,0,0,0
sn88068010-1890-09-25-a-i0006,sn88068010-1890-09-25-a-i0006_Q44105,sn88068010-1890-09-25-a-i0006_Q90,en,PROBABLE,6,20,0.3,TRUE,False,False,0,0,0,0,0,1,0,0,0,0,0,0,0,1,1,1,1,0,0,1
sn88068010-1890-11-06-a-i0006,sn88068010-1890-11-06-a-i0006-NIL_s_h_clifford,sn88068010-1890-11-06-a-i0006_Q576252,en,FALSE,9,20,0.45,PROBABLE,False,False,1,1,1,1,1,0,1,1,0,1,1,0,0,0,0,0,0,0,0,0
sn89058133-1920-04-22-a-i0003,sn89058133-1920-04-22-a-i0003-NIL_bob_maggart,sn89058133-1920-04-22-a-i0003_Q142,en,TRUE,2,20,0.1,FALSE,False,False,0,0,0,0,0,0,0,0,0,0,0,1,1,0,0,0,0,0,0,0
sn89058133-1920-04-22-a-i0003,sn89058133-1920-04-22-a-i0003-NIL_lon_morelock,sn89058133-1920-04-22-a-i0003_Q142,en,FALSE,9,20,0.45,PROBABLE,False,False,1,1,1,1,1,0,1,1,0,1,1,0,0,0,0,0,0,0,0,0
sn89058133-1920-04-22-a-i0003,sn89058133-1920-04-22-a-i0003-NIL_lon_morelock,sn89058133-1920-04-22-a-i0003_Q2456192,en,FALSE,4,20,0.2,PROBABLE,False,False,0,0,0,0,0,0,1,1,0,1,1,0,0,0,0,0,0,0,0,0
sn89058133-1920-04-22-a-i0003,sn89058133-1920-04-22-a-i0003-NIL_old_tim,sn89058133-1920-04-22-a-i0003_Q2456192,en,TRUE,13,20,0.65,PROBABLE,False,False,1,1,1,1,1,1,1,1,1,1,1,1,1,0,0,0,0,0,0,0
sn89058133-1920-04-22-a-i0003,sn89058133-1920-04-22-a-i0003-NIL_tiui_apple,sn89058133-1920-04-22-a-i0003_Q2057053,en,PROBABLE,10,20,0.5,TRUE,False,False,0,0,0,0,0,1,0,0,0,1,1,0,0,1,1,1,1,1,1,1
sn89058133-1920-06-17-a-i0007,sn89058133-1920-06-17-a-i0007-NIL_pharaoh,sn89058133-1920-06-17-a-i0007_Q23197,en,FALSE,8,20,0.4,TRUE,False,False,1,1,1,1,1,1,0,0,0,0,0,0,0,0,1,0,0,0,0,1
sn89058133-1920-06-17-a-i0007,sn89058133-1920-06-17-a-i0007_Q9077,sn89058133-1920-06-17-a-i0007_Q23197,en,FALSE,9,20,0.45,TRUE,False,False,1,0,1,1,1,0,0,0,1,0,0,0,0,0,0,1,0,1,1,1
sn89058133-1920-07-08-a-i0006,sn89058133-1920-07-08-a-i0006-NIL_bood_choat,sn89058133-1920-07-08-a-i0006_Q2456192,en,TRUE,17,20,0.85,PROBABLE,False,False,1,1,1,1,1,0,1,1,1,1,1,1,1,1,1,0,1,1,1,0
sn89058133-1920-07-08-a-i0006,sn89058133-1920-07-08-a-i0006-NIL_jim_koffmeister,sn89058133-1920-07-08-a-i0006_Q2456192,en,TRUE,17,20,0.85,PROBABLE,False,False,1,1,1,1,1,0,1,1,0,1,1,1,1,1,1,1,0,1,1,1
sn89058133-1920-07-08-a-i0006,sn89058133-1920-07-08-a-i0006-NIL_mansfield_judd,sn89058133-1920-07-08-a-i0006_Q2456192,en,TRUE,9,20,0.45,PROBABLE,False,False,1,1,1,1,1,0,0,0,0,1,1,1,1,0,0,0,0,0,0,0
sn91068761-1960-04-06-a-i0012,sn91068761-1960-04-06-a-i0012-NIL_col_gruenwald,sn91068761-1960-04-06-a-i0012-NIL_horry_district_scout_camporee,en,TRUE,8,20,0.4,PROBABLE,False,False,1,1,0,0,1,1,0,0,0,0,0,1,1,1,1,0,0,0,0,0
sn91068761-1960-04-06-a-i0012,sn91068761-1960-04-06-a-i0012-NIL_col_gruenwald,sn91068761-1960-04-06-a-i0012_Q6948590,en,TRUE,7,20,0.35,FALSE,False,False,0,1,0,0,0,1,0,0,0,0,0,1,1,0,0,0,1,1,1,0
sn91068761-1960-04-06-a-i0012,sn91068761-1960-04-06-a-i0012-NIL_george_rent,sn91068761-1960-04-06-a-i0012-NIL_horry_district_scout_camporee,en,TRUE,9,20,0.45,FALSE,False,False,1,1,1,1,1,1,0,0,0,0,0,0,0,1,1,0,0,0,0,1
sn91068761-1960-04-06-a-i0012,sn91068761-1960-04-06-a-i0012-NIL_george_rent,sn91068761-1960-04-06-a-i0012_Q6948590,en,FALSE,9,20,0.45,PROBABLE,False,False,1,0,1,1,1,0,1,1,1,1,1,0,0,0,0,0,0,0,0,0
sn91068761-1960-04-13-a-i0001,sn91068761-1960-04-13-a-i0001-NIL_alvie_mitchell_godwin,sn91068761-1960-04-13-a-i0001-NIL_5811_alandade_drive,en,TRUE,12,20,0.6,FALSE,False,False,0,1,0,0,0,0,1,1,1,1,1,1,1,1,1,1,1,0,0,0
sn91068761-1960-04-13-a-i0001,sn91068761-1960-04-13-a-i0001-NIL_clinton_shipley,sn91068761-1960-04-13-a-i0001_Q1428,en,FALSE,7,20,0.35,PROBABLE,False,False,0,0,0,0,0,0,1,1,1,1,1,1,1,0,0,0,0,0,0,0
sn92063852-1950-09-23-a-i0018,sn92063852-1950-09-23-a-i0018-NIL_mrs_h_f_thomas,sn92063852-1950-09-23-a-i0018_Q79867,en,TRUE,9,20,0.45,PROBABLE,False,False,1,1,1,1,1,0,1,0,1,1,1,0,0,0,0,0,0,0,0,0
test_fr_5,test_fr_5_Q440600,test_fr_5_Q726531,fr,FALSE,6,20,0.3,TRUE,False,False,0,0,0,0,0,0,1,1,1,1,1,0,0,0,0,0,0,0,1,0
